処理ターム,印刷機,受注番号,投入数量,出荷予定日,残り日数,スコア,色変更コスト,色, ,処理ターム,印刷機,受注番号,投入数量,出荷予定日,残り日数,スコア,色変更コスト,色
1,A1,23105449,8000,2023/12/8,6,100,0,5(表：0 × 裏：5)、墨/C/M/Y/白,,1,A2,23106308,8000,2023/12/7,5,10,9,5(表：0 × 裏：5)、K/C/M/Y/白
1,A1,23106308,8000,2023/12/7,5,100,0,5(表：0 × 裏：5)、K/C/M/Y/白,,1,A2,23111249,4000,2023/12/7,5,33.33333333,2,4(表：0 × 裏：4)、ｾﾋﾟｱ/金/黄/ｸﾘｰﾑ
1,A1,23112382,4000,2023/12/13,11,100,0,5(表：0 × 裏：5)、墨/C/M/Y/白,,1,A2,23111250,4000,2023/12/7,5,33.33333333,2,4(表：0 × 裏：4)、ｾﾋﾟｱ/金/青/ｸﾘｰﾑ
1,A1,23112682,16000,2023/12/14,12,100,0,5(表：0 × 裏：5)、墨/C/M/Y/白,,1,A2,23111251,4000,2023/12/7,5,9.090909091,10,4(表：0 × 裏：4)、ｾﾋﾟｱ/金/ｵﾚﾝｼﾞ/ｸﾘｰﾑ
1,A1,23100880,4000,2023/12/15,13,100,0,5(表：0 × 裏：5)、墨/C/M/Y/白,,1,A2,23100541,4000,2023/12/8,6,33.33333333,2,6(表：0 × 裏：6)、スミ/特赤/C/M/Y/白
1,A1,23106704,4000,2023/12/15,13,100,0,5(表：0 × 裏：5)、墨/C/M/Y/白,,1,A2,23113937,8000,2023/12/8,6,12.5,7,6(表：0 × 裏：6)、K/紫/C/M/Y/白
1,A1,23111807,4000,2023/12/15,13,100,0,5(表：0 × 裏：5)、K/C/M/Y/白,,1,A2,23113570,4000,2023/12/12,10,33.33333333,2,5(表：0 × 裏：5)、墨/金/草/黄/白
1,A1,23112341,4000,2023/12/15,13,100,0,5(表：0 × 裏：5)、K/C/M/Y/白,,1,A2,23112931,12000,2023/12/14,12,100,0,6(表：0 × 裏：6)、墨/黄/白/白/銀/草
1,A1,23112823,8000,2023/12/19,17,100,0,5(表：0 × 裏：5)、墨/C/M/Y/白,,1,A2,23112932,12000,2023/12/14,12,50,1,6(表：0 × 裏：6)、墨/黄/白/白/銀/草
1,A1,23117761,12000,2023/12/19,17,100,0,5(表：0 × 裏：5)、K/C/M/Y/白,,1,A2,23112933,8000,2023/12/14,12,25,3,5(表：0 × 裏：5)、黄/白/白/銀/墨
1,A1,23116161,12000,2023/12/22,20,100,0,5(表：0 × 裏：5)、K/C/M/Y/白,,1,A2,23113302,4000,2023/12/14,12,25,3,3(表：0 × 裏：3)、墨/赤/白
1,A1,23116164,4000,2023/12/25,23,100,0,5(表：0 × 裏：5)、墨/C/M/Y/白,,1,A2,23109900,4000,2023/12/14,12,100,0,6(表：0 × 裏：6)、墨/グレー/特藍/特赤/浅葱/白
1,A1,23116167,4000,2023/12/25,23,100,0,5(表：0 × 裏：5)、墨/C/M/Y/白,,1,A2,23104239,16000,2023/12/15,13,50,1,6(表：0 × 裏：6)、墨/グレー/特藍/特赤/浅葱/白
1,A1,23119491,12000,2024/1/11,40,100,0,5(表：0 × 裏：5)、墨/C/M/Y/白,,1,A2,23104241,16000,2023/12/15,13,50,1,5(表：0 × 裏：5)、墨/グレー/特藍/特赤/白
1,A1,2311A472,16000,2024/1/11,40,100,0,5(表：0 × 裏：5)、墨/C/M/Y/白,,1,A2,23104243,4000,2023/12/15,13,14.28571429,6,6(表：0 × 裏：6)、墨/グレー/特藍/特赤/紫/白
1,A1,2311A518,8000,2024/1/11,40,100,0,5(表：0 × 裏：5)、Ｋ/Ｃ/Ｍ/Ｙ/白,,1,A2,23100542,4000,2023/12/15,13,100,0,6(表：0 × 裏：6)、スミ/特赤/C/M/Y/白
1,A1,23120611,4000,2024/1/11,40,100,0,5(表：0 × 裏：5)、墨/C/M/Y/白,,1,A2,23100544,4000,2023/12/15,13,50,1,6(表：0 × 裏：6)、スミ/特赤/C/M/Y/白
1,A1,23120325,8000,2024/1/12,41,100,0,5(表：0 × 裏：5)、K/C/M/Y/白,,1,A2,23113635,4000,2023/12/15,13,14.28571429,6,6(表：0 × 裏：6)、墨/C/M/Y/白/白
1,A1,23099039,4000,2024/2/3,63,100,0,5(表：0 × 裏：5)、スミ/C/M/Y/白,,1,A2,23104245,4000,2023/12/15,13,12.5,7,5(表：0 × 裏：5)、墨/青/黄/白/背面銀
1,A1,23106382,4000,2024/2/3,63,100,0,5(表：0 × 裏：5)、墨/C/M/Y/白,,1,A2,2310A816,4000,2023/12/18,16,20,4,6(表：0 × 裏：6)、スミ/特赤/C/M/Y/白
1,A1,23106796,4000,2024/2/3,63,100,0,5(表：0 × 裏：5)、墨/C/M/Y/白,,1,A2,23113638,4000,2023/12/19,17,14.28571429,6,4(表：0 × 裏：4)、墨/ｾﾋﾟｱ/赤/白
1,A1,23108787,12000,2024/2/3,63,100,0,5(表：0 × 裏：5)、K/C/M/Y/白,,1,A2,23115933,8000,2023/12/19,17,16.66666667,5,4(表：0 × 裏：4)、紺/金/紫/白
1,A1,23109954,4000,2024/2/3,63,100,0,5(表：0 × 裏：5)、墨/C/M/Y/白,,1,A2,2310A418,4000,2023/12/21,19,25,3,3(表：0 × 裏：3)、茶/赤/白
1,A1,23110313,4000,2024/2/3,63,100,0,5(表：0 × 裏：5)、墨/C/M/Y/白,,1,A2,23117528,4000,2023/12/22,20,20,4,4(表：0 × 裏：4)、墨/赤/ｵﾚﾝｼﾞ/白
1,A1,23111115,10000,2024/2/3,63,100,0,5(表：0 × 裏：5)、墨/C/M/Y/白,,1,A2,23117755,4000,2023/12/22,20,33.33333333,2,2(表：0 × 裏：2)、草/白
1,A1,23111750,4000,2024/2/3,63,100,0,5(表：0 × 裏：5)、K/C/M/Y/白,,1,A2,23113411,4000,2023/12/28,26,33.33333333,2,2(表：0 × 裏：2)、墨/白
1,A1,23111746,4000,2024/2/3,63,100,0,5(表：0 × 裏：5)、K/C/M/Y/白,,1,A2,23113516,4000,2023/12/28,26,16.66666667,5,4(表：0 × 裏：4)、墨/特赤/特ﾋﾟﾝｸ/白
1,A1,23112854,4000,2024/2/3,63,100,0,5(表：0 × 裏：5)、墨/C/M/Y/白,,1,A2,23114052,8000,2023/12/28,26,14.28571429,6,6(表：0 × 裏：6)、墨/C/M/Y/白/白
1,A1,23112855,4000,2024/2/3,63,100,0,5(表：0 × 裏：5)、墨/C/M/Y/白,,1,A2,23118970,6000,2023/12/29,27,33.33333333,2,5(表：0 × 裏：5)、墨/金/草/黄/白
1,A1,23113527,4000,2024/2/3,63,100,0,5(表：0 × 裏：5)、K/C/M/Y/白,,1,A2,23118971,4000,2023/12/29,27,100,0,5(表：0 × 裏：5)、墨/金/朱/黄/白
1,A1,23113529,16000,2024/2/3,63,100,0,5(表：0 × 裏：5)、K/C/M/Y/白,,1,A2,23118972,4000,2023/12/29,27,100,0,5(表：0 × 裏：5)、墨/金/朱/黄/白
1,A1,23113701,4000,2024/2/3,63,100,0,5(表：0 × 裏：5)、墨/C/M/Y/白,,1,A2,23119220,4000,2023/12/29,27,20,4,5(表：0 × 裏：5)、墨/金/赤/黄/白
1,A1,23113704,4000,2024/2/3,63,100,0,5(表：0 × 裏：5)、墨/C/M/Y/白,,1,A2,23119278,4000,2024/1/5,34,33.33333333,2,1(表：0 × 裏：1)、白
,,,,,,,,,,1,A2,23094870,2000,2024/1/5,34,12.5,7,3(表：1 × 裏：2)、セピア/白/マット
,,,,,,,,,,1,A2,23119286,4000,2024/1/5,34,33.33333333,2,6(表：0 × 裏：6)、スミ/特赤/C/M/Y/白
,,,,,,,,,,1,A2,23119452,24000,2024/1/9,38,20,4,6(表：0 × 裏：6)、墨/オレンジ/C/M/Y/白
,,,,,,,,,,,,,,,,,,
2,A1,23113705,4000,2024/2/3,62,100,0,5(表：0 × 裏：5)、墨/C/M/Y/白,,2,A2,23119421,4000,2024/1/10,38,33.33333333,2,2(表：0 × 裏：2)、墨/白
2,A1,23113949,12000,2024/2/3,62,100,0,5(表：0 × 裏：5)、スミ/C/M/Y/白,,2,A2,2311A388,4000,2024/1/10,38,33.33333333,2,4(表：0 × 裏：4)、墨/特赤/特ﾋﾟﾝｸ/白
2,A1,23114330,4000,2024/2/3,62,100,0,5(表：0 × 裏：5)、墨/C/M/Y/白,,2,A2,2311A389,4000,2024/1/10,38,33.33333333,2,4(表：0 × 裏：4)、墨/藍/赤/白
2,A1,23114431,4000,2024/2/3,62,100,0,5(表：0 × 裏：5)、K/C/M/Y/白,,2,A2,23118316,4000,2024/1/10,38,16.66666667,5,6(表：0 × 裏：6)、墨/グレー/特藍/特赤/特黄/白
2,A1,23114438,2000,2024/2/3,62,100,0,5(表：0 × 裏：5)、墨/C/M/Y/白,,2,A2,23118852,4000,2024/1/11,39,100,0,6(表：0 × 裏：6)、墨/青/赤/黄/白/背面青
2,A1,23114829,8000,2024/2/3,62,100,0,5(表：0 × 裏：5)、墨/C/M/Y/白,,2,A2,23118854,4000,2024/1/11,39,16.66666667,5,6(表：0 × 裏：6)、墨/青/赤/黄/白/背面青
2,A1,23115031,4000,2024/2/3,62,100,0,5(表：0 × 裏：5)、墨/C/M/Y/白,,2,A2,23119503,4000,2024/1/11,39,14.28571429,6,2(表：0 × 裏：2)、特紺/白
2,A1,23115690,8000,2024/2/3,62,100,0,5(表：0 × 裏：5)、K/C/M/Y/白,,2,A2,2311A078,16000,2024/1/11,39,16.66666667,5,6(表：0 × 裏：6)、墨/紫/C/M/Y/白
2,A1,23115972,24000,2024/2/3,62,100,0,5(表：0 × 裏：5)、K/C/M/Y/白,,2,A2,23110433,4000,2024/1/12,40,20,4,1(表：0 × 裏：1)、墨
2,A1,23115975,12000,2024/2/3,62,100,0,5(表：0 × 裏：5)、K/C/M/Y/白,,2,A2,23118856,4000,2024/1/12,40,100,0,6(表：0 × 裏：6)、墨/青/赤/黄/白/背面青
2,A1,23116175,8000,2024/2/3,62,100,0,5(表：0 × 裏：5)、K/C/M/Y/白,,2,A2,23118858,4000,2024/1/12,40,100,0,6(表：0 × 裏：6)、墨/青/赤/黄/白/背面青
2,A1,23116178,4000,2024/2/3,62,100,0,5(表：0 × 裏：5)、K/C/M/Y/白,,2,A2,23118860,4000,2024/1/15,43,25,3,6(表：0 × 裏：6)、墨/青/赤/黄/白/背面青
2,A1,23116193,4000,2024/2/3,62,100,0,5(表：0 × 裏：5)、K/C/M/Y/白,,2,A2,23118359,4000,2024/1/15,43,20,4,6(表：0 × 裏：6)、墨/グレー/青/赤/水色/白
2,A1,23116206,4000,2024/2/3,62,100,0,5(表：0 × 裏：5)、K/C/M/Y/白,,2,A2,23118352,4000,2024/1/15,43,20,4,6(表：0 × 裏：6)、墨/グレー/特藍/特赤/浅葱/白
2,A1,23116671,12000,2024/2/3,62,100,0,5(表：0 × 裏：5)、スミ/C/M/Y/白,,2,A2,23120524,36000,2024/1/15,43,33.33333333,2,2(表：0 × 裏：2)、藍/白
2,A1,23116166,4000,2024/2/3,62,100,0,5(表：0 × 裏：5)、K/C/M/Y/白,,2,A2,23114850,24000,2024/1/16,44,20,4,4(表：0 × 裏：4)、墨/?/藍/白
2,A1,23117336,4000,2024/2/3,62,100,0,5(表：0 × 裏：5)、墨/C/M/Y/白,,2,A2,23118365,4000,2024/1/16,44,14.28571429,6,6(表：0 × 裏：6)、墨/グレー/特藍/特赤/浅葱/白
2,A1,23117629,4000,2024/2/3,62,100,0,5(表：0 × 裏：5)、K/C/M/Y/白,,2,A2,23116645,4000,2024/1/16,44,25,3,6(表：0 × 裏：6)、Ｋ/特赤/C/M/Y/白
2,A1,23117720,4000,2024/2/3,62,100,0,5(表：0 × 裏：5)、Ｋ/Ｃ/Ｍ/Ｙ/白,,2,A2,23118305,32000,2024/1/17,45,25,3,3(表：0 × 裏：3)、墨色/朱色/白色
2,A1,23117731,4000,2024/2/3,62,100,0,5(表：0 × 裏：5)、K/C/M/Y/白,,2,A2,23118880,4000,2024/1/17,45,25,3,6(表：0 × 裏：6)、墨/グレー/紺/赤/水色/白
2,A1,23117775,4000,2024/2/3,62,100,0,5(表：0 × 裏：5)、墨/C/M/Y/白,,2,A2,23118883,4000,2024/1/18,46,50,1,5(表：0 × 裏：5)、墨/グレー/特藍/特赤/白
2,A1,23118249,16000,2024/2/3,62,100,0,5(表：0 × 裏：5)、墨/C/M/Y/白,,2,A2,23118881,4000,2024/1/18,46,100,0,6(表：0 × 裏：6)、墨/ｸﾞﾚｰ/特藍/特赤/特黄/白
2,A1,23118299,20000,2024/2/3,62,100,0,5(表：0 × 裏：5)、墨/C/M/Y/白,,2,A2,23118882,4000,2024/1/18,46,25,3,6(表：0 × 裏：6)、墨/グレー/特藍/特赤/特黄/白
2,A1,23118403,4000,2024/2/3,62,100,0,5(表：0 × 裏：5)、墨/C/M/Y/白,,2,A2,23115025,4000,2024/1/18,46,25,3,3(表：0 × 裏：3)、墨/BP黄/白
2,A1,23118410,8000,2024/2/3,62,100,0,5(表：0 × 裏：5)、K/C/M/Y/白,,2,A2,23118889,4000,2024/1/18,46,100,0,5(表：0 × 裏：5)、墨/青/赤/白/背面青
2,A1,23118429,4000,2024/2/3,62,100,0,5(表：0 × 裏：5)、墨/C/M/Y/白,,2,A2,23118891,4000,2024/1/18,46,100,0,5(表：0 × 裏：5)、墨/青/赤/白/背面青
2,A1,23119433,4000,2024/2/3,62,100,0,5(表：0 × 裏：5)、墨/C/M/Y/白,,2,A2,23118893,4000,2024/1/18,46,100,0,5(表：0 × 裏：5)、墨/青/赤/白/背面青
2,A1,23119534,4000,2024/2/3,62,100,0,5(表：0 × 裏：5)、墨色/C/M/Y/白色,,2,A2,23118894,4000,2024/1/18,46,100,0,5(表：0 × 裏：5)、墨/青/赤/白/背面青
2,A1,23119579,4000,2024/2/3,62,100,0,5(表：0 × 裏：5)、K/C/M/Y/白,,2,A2,23118905,4000,2024/1/18,46,50,1,5(表：0 × 裏：5)、墨/青/赤/白/背面青
2,A1,23119580,4000,2024/2/3,62,100,0,5(表：0 × 裏：5)、K/C/M/Y/白,,2,A2,23118884,4000,2024/1/18,46,100,0,6(表：0 × 裏：6)、墨/青/赤/水色/白/背面青
,,,,,,,,,,2,A2,23118888,4000,2024/1/18,46,100,0,6(表：0 × 裏：6)、墨/青/赤/水色/白/背面青
,,,,,,,,,,2,A2,23118911,4000,2024/1/19,47,100,0,6(表：0 × 裏：6)、墨/青/赤/水色/白/背面青
,,,,,,,,,,2,A2,23118913,4000,2024/1/19,47,100,0,6(表：0 × 裏：6)、墨/青/赤/水色/白/背面青
,,,,,,,,,,,,,,,,,,
3,A1,23119688,16000,2024/2/3,61,100,0,5(表：0 × 裏：5)、K/C/M/Y/白,,3,A2,23118914,4000,2024/1/19,46,16.66666667,5,6(表：0 × 裏：6)、墨/青/赤/水色/白/背面青
3,A1,23119690,16000,2024/2/3,61,100,0,5(表：0 × 裏：5)、K/C/M/Y/白,,3,A2,23118906,16000,2024/1/19,46,33.33333333,2,6(表：0 × 裏：6)、墨/グレー/特藍/特赤/浅葱/白
3,A1,23119691,20000,2024/2/3,61,100,0,5(表：0 × 裏：5)、墨/C/M/Y/白,,3,A2,23118907,8000,2024/1/19,46,33.33333333,2,6(表：0 × 裏：6)、墨/グレー/特藍/特赤/紫/白
3,A1,23119736,4000,2024/2/3,61,100,0,5(表：0 × 裏：5)、墨/C/M/Y/白,,3,A2,23118936,4000,2024/1/22,49,11.11111111,8,6(表：0 × 裏：6)、墨/グレー/特藍/特赤/浅葱/白
3,A1,23119856,8000,2024/2/3,61,100,0,5(表：0 × 裏：5)、墨/C/M/Y/白,,3,A2,2311A390,4000,2024/1/26,53,16.66666667,5,2(表：0 × 裏：2)、茶/ｸﾘｰﾑ
3,A1,23119889,2000,2024/2/3,61,100,0,5(表：0 × 裏：5)、墨/C/M/Y/白,,3,A2,23094872,2000,2024/1/31,58,14.28571429,6,3(表：1 × 裏：2)、セピア/白/マット
3,A1,2311A008,2000,2024/2/3,61,100,0,5(表：0 × 裏：5)、墨/C/M/Y/白,,3,A2,23114053,8000,2024/2/2,60,100,0,6(表：0 × 裏：6)、墨/C/M/Y/白/白
3,A1,2311A027,52000,2024/2/3,61,100,0,5(表：0 × 裏：5)、スミ/C/M/Y/白,,3,A2,23113703,12000,2024/2/3,61,100,0,6(表：0 × 裏：6)、墨/C/M/Y/白/白
3,A1,2311A115,4000,2024/2/3,61,100,0,5(表：0 × 裏：5)、墨/C/M/Y/白,,3,A2,23114554,12000,2024/2/3,61,100,0,6(表：0 × 裏：6)、墨/C/M/Y/白/白
3,A1,2311A296,4000,2024/2/3,61,100,0,5(表：0 × 裏：5)、墨/C/M/Y/白,,3,A2,23117682,8000,2024/2/3,61,100,0,6(表：0 × 裏：6)、墨/特黄/C/M/Y/白
3,A1,23120076,4000,2024/2/3,61,100,0,5(表：0 × 裏：5)、墨/C/M/Y/白,,3,A2,23117817,4000,2024/2/3,61,100,0,6(表：0 × 裏：6)、スミ/C/M/Y/特黄/白
3,A1,23120099,8000,2024/2/3,61,100,0,5(表：0 × 裏：5)、スミ/C/M/Y/白,,3,A2,23118975,44000,2024/2/3,61,100,0,6(表：0 × 裏：6)、スミ/C/M/Y/特黄/白
3,A1,23120103,4000,2024/2/3,61,100,0,5(表：0 × 裏：5)、墨/C/M/Y/白,,3,A2,2311A287,4000,2024/2/3,61,50,1,6(表：0 × 裏：6)、墨/C/M/Y/特黄/白
3,A1,23120104,4000,2024/2/3,61,100,0,5(表：0 × 裏：5)、墨/C/M/Y/白,,,,,,,,,,
3,A1,23120294,4000,2024/2/3,61,100,0,5(表：0 × 裏：5)、墨/C/M/Y/白,,,,,,,,,,
3,A1,23120533,8000,2024/2/3,61,100,0,5(表：0 × 裏：5)、墨/C/M/Y/白,,,,,,,,,,
3,A1,23120535,4000,2024/2/3,61,100,0,5(表：0 × 裏：5)、墨/C/M/Y/白,,,,,,,,,,
3,A1,23120801,4000,2024/2/3,61,50,1,5(表：0 × 裏：5)、墨/C/M/Y/白,,,,,,,,,,
3,A1,23120628,16000,2024/2/3,61,50,1,4(表：0 × 裏：4)、C/M/Y/白,,,,,,,,,,
3,A1,23111648,4000,2024/2/3,61,100,0,5(表：0 × 裏：5)、紺/C/M/Y/白,,,,,,,,,,
3,A1,23119735,4000,2024/2/3,61,100,0,5(表：0 × 裏：5)、紺/C/M/Y/白,,,,,,,,,,
3,A1,2311A220,4000,2024/2/3,61,33.33333333,2,5(表：0 × 裏：5)、紺/C/M/Y/白,,,,,,,,,,
3,A1,23112975,4000,2024/2/3,61,100,0,5(表：0 × 裏：5)、ｾﾋﾟｱ/C/M/Y/白,,,,,,,,,,
3,A1,23116315,4000,2024/2/3,61,100,0,5(表：0 × 裏：5)、セピア/C/M/Y/白,,,,,,,,,,
3,A1,23118407,4000,2024/2/3,61,100,0,5(表：0 × 裏：5)、LPｾﾋﾟｱ/C/M/Y/白,,,,,,,,,,
3,A1,23120038,12000,2024/2/3,61,33.33333333,2,5(表：0 × 裏：5)、LPｾﾋﾟｱ/C/M/Y/白,,,,,,,,,,
3,A1,23118944,4000,2024/2/3,61,100,0,5(表：0 × 裏：5)、C/M/Y/オレンジ/白,,,,,,,,,,
,,,,,,,,,,,,,,,,,,
4,A1,23120633,4000,2024/2/3,60,20,4,5(表：0 × 裏：5)、C/M/Y/オレンジ/白,,4,A2,21061399,100000,2024/2/3,60,100,0,6(表：0 × 裏：6)、K/C/M/Y/草/白
4,A1,23114343,32000,2024/2/3,60,33.33333333,2,5(表：0 × 裏：5)、墨/金/M/Y/白,,,,,,,,,,
4,A1,23105309,20000,2024/2/3,60,50,1,3(表：0 × 裏：3)、墨/金/白,,,,,,,,,,
4,A1,23093496,8000,2024/2/3,60,100,0,2(表：0 × 裏：2)、墨/白,,,,,,,,,,
4,A1,23115128,4000,2024/2/3,60,100,0,2(表：0 × 裏：2)、墨/白,,,,,,,,,,
4,A1,23116343,100000,2024/2/3,60,100,0,2(表：0 × 裏：2)、墨/白,,,,,,,,,,
4,A1,23116344,52000,2024/2/3,60,100,0,2(表：0 × 裏：2)、墨/白,,,,,,,,,,
,,,,,,,,,,,,,,,,,,
5,A1,23117616,8000,2024/2/3,59,100,0,2(表：0 × 裏：2)、墨/白,,5,A2,21061401,100000,2024/2/3,59,100,0,6(表：0 × 裏：6)、K/C/M/Y/草/白
5,A1,23119573,12000,2024/2/3,59,100,0,2(表：0 × 裏：2)、墨/白,,,,,,,,,,
5,A1,23119632,8000,2024/2/3,59,100,0,2(表：0 × 裏：2)、墨/白,,,,,,,,,,
5,A1,23120713,8000,2024/2/3,59,50,1,2(表：0 × 裏：2)、墨/白,,,,,,,,,,
5,A1,23105763,16000,2024/2/3,59,100,0,4(表：0 × 裏：4)、墨/赤/朱/白,,,,,,,,,,
5,A1,23116572,16000,2024/2/3,59,100,0,4(表：0 × 裏：4)、墨/赤/朱/白,,,,,,,,,,
5,A1,23118115,16000,2024/2/3,59,100,0,3(表：0 × 裏：3)、墨/赤/白,,,,,,,,,,
5,A1,23119081,4000,2024/2/3,59,100,0,3(表：0 × 裏：3)、墨/赤/白,,,,,,,,,,
5,A1,23119135,4000,2024/2/3,59,50,1,3(表：0 × 裏：3)、墨/赤/白,,,,,,,,,,
,,,,,,,,,,,,,,,,,,
6,A1,23094716,100000,2024/2/3,58,100,0,2(表：0 × 裏：2)、赤/白,,6,A2,21061403,100000,2024/2/3,58,100,0,6(表：0 × 裏：6)、K/C/M/Y/草/白
,,,,,,,,,,6,A2,21061412,100000,2024/2/3,58,100,0,6(表：0 × 裏：6)、K/C/M/Y/草/白
,,,,,,,,,,6,A2,23112385,4000,2024/2/3,58,100,0,6(表：0 × 裏：6)、墨/C/M/Y/特草/白
,,,,,,,,,,6,A2,23115176,12000,2024/2/3,58,100,0,6(表：0 × 裏：6)、K/特緑/C/M/Y/白
,,,,,,,,,,6,A2,23118228,6000,2024/2/3,58,100,0,6(表：0 × 裏：6)、K/特緑/C/M/Y/白
,,,,,,,,,,,,,,,,,,
7,A1,23110019,100000,2024/2/3,57,100,0,2(表：0 × 裏：2)、赤/白,,7,A2,23119699,4000,2024/2/3,57,100,0,6(表：0 × 裏：6)、スミ/特緑/C/M/Y/白
7,A1,23110020,100000,2024/2/3,57,50,1,2(表：0 × 裏：2)、赤/白,,7,A2,2311A179,8000,2024/2/3,57,100,0,6(表：0 × 裏：6)、スミ/特緑/C/M/Y/白
,,,,,,,,,,7,A2,2311A192,80000,2024/2/3,57,100,0,6(表：0 × 裏：6)、スミ/C/M/Y/特緑/白
,,,,,,,,,,7,A2,23120051,4000,2024/2/3,57,33.33333333,2,6(表：0 × 裏：6)、墨/C/M/Y/特草/白
,,,,,,,,,,7,A2,21075093,18000,2024/2/3,57,100,0,6(表：0 × 裏：6)、K/C/M/Y/特赤/白
,,,,,,,,,,7,A2,23098124,4000,2024/2/3,57,100,0,6(表：0 × 裏：6)、K/特赤/C/M/Y/白
,,,,,,,,,,7,A2,23105246,12000,2024/2/3,57,100,0,6(表：0 × 裏：6)、墨/C/M/Y/赤/白
,,,,,,,,,,7,A2,23105630,8000,2024/2/3,57,100,0,6(表：0 × 裏：6)、K/特赤/C/M/Y/白
,,,,,,,,,,7,A2,23108786,16000,2024/2/3,57,100,0,6(表：0 × 裏：6)、K/特赤/C/M/Y/白
,,,,,,,,,,7,A2,23108862,36000,2024/2/3,57,100,0,6(表：0 × 裏：6)、墨/C/M/Y/赤/白
,,,,,,,,,,7,A2,23108865,24000,2024/2/3,57,100,0,6(表：0 × 裏：6)、墨/C/M/Y/赤/白
,,,,,,,,,,,,,,,,,,
8,A1,23113420,4000,2024/2/3,56,100,0,3(表：0 × 裏：3)、赤/青/白,,8,A2,23110431,12000,2024/2/3,56,100,0,6(表：0 × 裏：6)、墨/赤/C/M/Y/白
8,A1,23115179,88000,2024/2/3,56,50,1,3(表：0 × 裏：3)、赤/青/白,,8,A2,23113514,16000,2024/2/3,56,100,0,6(表：0 × 裏：6)、K/特赤/C/M/Y/白
8,A1,23115722,8000,2024/2/3,56,33.33333333,2,4(表：0 × 裏：4)、紺/青/赤/白,,8,A2,23113852,4000,2024/2/3,56,100,0,6(表：0 × 裏：6)、スミ/赤/C/M/Y/白
8,A1,23113065,4000,2024/2/3,56,100,0,4(表：0 × 裏：4)、金/紺/赤/白,,8,A2,23113984,56000,2024/2/3,56,100,0,6(表：0 × 裏：6)、スミ/赤/C/M/Y/白
8,A1,23114705,4000,2024/2/3,56,100,0,4(表：0 × 裏：4)、金/紺/赤/白,,8,A2,23114328,34000,2024/2/3,56,100,0,6(表：0 × 裏：6)、墨/特赤/Ｃ/Ｍ/Ｙ/白色
8,A1,23114707,4000,2024/2/3,56,100,0,4(表：0 × 裏：4)、金/紺/赤/白,,8,A2,23114383,76000,2024/2/3,56,100,0,6(表：0 × 裏：6)、墨色/特赤/C/M/Y/白色
8,A1,2311A222,8000,2024/2/3,56,100,0,4(表：0 × 裏：4)、金/紺/赤/白,,8,A2,23115173,24000,2024/2/3,56,100,0,6(表：0 × 裏：6)、K/特赤/C/M/Y/白
8,A1,2311A226,4000,2024/2/3,56,100,0,4(表：0 × 裏：4)、金/紺/赤/白,,,,,,,,,,
8,A1,23120680,4000,2024/2/3,56,33.33333333,2,4(表：0 × 裏：4)、紺/赤/金/白,,,,,,,,,,
8,A1,23106055,36000,2024/2/3,56,100,0,4(表：0 × 裏：4)、墨/金/赤/白,,,,,,,,,,
8,A1,23110305,2000,2024/2/3,56,100,0,4(表：0 × 裏：4)、墨/金/朱/白,,,,,,,,,,
8,A1,23113064,4000,2024/2/3,56,100,0,4(表：0 × 裏：4)、墨/金/赤/白,,,,,,,,,,
8,A1,23114706,4000,2024/2/3,56,100,0,4(表：0 × 裏：4)、墨/金/赤/白,,,,,,,,,,
8,A1,23114709,4000,2024/2/3,56,100,0,4(表：0 × 裏：4)、墨/金/赤/白,,,,,,,,,,
8,A1,23115882,4000,2024/2/3,56,100,0,4(表：0 × 裏：4)、墨/金/赤/白,,,,,,,,,,
8,A1,23117631,8000,2024/2/3,56,100,0,4(表：0 × 裏：4)、墨/赤/金/白,,,,,,,,,,
8,A1,2311A221,8000,2024/2/3,56,100,0,4(表：0 × 裏：4)、墨/金/赤/白,,,,,,,,,,
8,A1,23120102,4000,2024/2/3,56,100,0,4(表：0 × 裏：4)、墨/赤/金/白,,,,,,,,,,
8,A1,23120756,4000,2024/2/3,56,50,1,5(表：0 × 裏：5)、墨/金/赤/白/赤(背面),,,,,,,,,,
8,A1,23110367,4000,2024/2/3,56,100,0,5(表：0 × 裏：5)、墨/金/オレンジ/赤/白,,,,,,,,,,
,,,,,,,,,,,,,,,,,,
9,A1,23115440,20000,2024/2/3,55,50,1,5(表：0 × 裏：5)、墨/赤/オレンジ/金/白,,9,A2,23115962,4000,2024/2/3,55,100,0,6(表：0 × 裏：6)、K/特赤/C/M/Y/白
9,A1,23113057,2000,2024/2/3,55,50,1,4(表：0 × 裏：4)、墨/金/ｵﾚﾝｼﾞ/白,,9,A2,23116392,8000,2024/2/3,55,100,0,6(表：0 × 裏：6)、スミ/C/M/Y/特赤/白
9,A1,23114990,2000,2024/2/3,55,50,1,3(表：0 × 裏：3)、墨/ｵﾚﾝｼﾞ/白,,9,A2,23117546,2000,2024/2/3,55,100,0,6(表：0 × 裏：6)、墨/C/M/Y/特赤/白
9,A1,23115478,4000,2024/2/3,55,50,1,4(表：0 × 裏：4)、墨/オレンジ/黄色/白,,9,A2,23117812,8000,2024/2/3,55,100,0,6(表：0 × 裏：6)、K/特赤/C/M/Y/白
9,A1,23114305,60000,2024/2/3,55,100,0,3(表：0 × 裏：3)、墨/黄/白,,9,A2,23118947,2000,2024/2/3,55,100,0,6(表：0 × 裏：6)、スミ/赤/C/M/Y/白
9,A1,23114306,40000,2024/2/3,55,100,0,3(表：0 × 裏：3)、墨/黄/白,,9,A2,23119075,12000,2024/2/3,55,100,0,6(表：0 × 裏：6)、墨/赤/C/M/Y/白
9,A1,23114664,28000,2024/2/3,55,50,1,3(表：0 × 裏：3)、墨/黄/白,,9,A2,23119912,12000,2024/2/3,55,100,0,6(表：0 × 裏：6)、墨/C/M/Y/赤/白
9,A1,23112333,8000,2024/2/3,55,100,0,4(表：0 × 裏：4)、墨/黄/金/白,,9,A2,2311A197,16000,2024/2/3,55,33.33333333,2,6(表：0 × 裏：6)、K/特赤/C/M/Y/白
9,A1,23113076,12000,2024/2/3,55,100,0,4(表：0 × 裏：4)、墨/黄/金/白,,9,A2,23104045,16000,2024/2/3,55,100,0,6(表：0 × 裏：6)、墨/黄/C/M/Y/白
9,A1,23113947,8000,2024/2/3,55,100,0,4(表：0 × 裏：4)、墨/黄/金/白,,9,A2,23104291,24000,2024/2/3,55,100,0,6(表：0 × 裏：6)、墨/黄/C/M/Y/白
9,A1,23115955,4000,2024/2/3,55,100,0,4(表：0 × 裏：4)、墨/黄/金/白,,9,A2,23104293,16000,2024/2/3,55,100,0,6(表：0 × 裏：6)、墨/黄/C/M/Y/白
9,A1,23115956,8000,2024/2/3,55,100,0,4(表：0 × 裏：4)、墨/黄/金/白,,9,A2,23110374,12000,2024/2/3,55,100,0,6(表：0 × 裏：6)、墨/黄/C/M/Y/白
9,A1,23118992,8000,2024/2/3,55,33.33333333,2,4(表：0 × 裏：4)、墨/黄/金/白,,9,A2,23110467,28000,2024/2/3,55,100,0,6(表：0 × 裏：6)、墨/黄/C/M/Y/白
9,A1,23114700,2000,2024/2/3,55,33.33333333,2,4(表：0 × 裏：4)、墨/金/紺/白,,9,A2,23110471,16000,2024/2/3,55,100,0,6(表：0 × 裏：6)、墨/黄/C/M/Y/白
9,A1,23117584,8000,2024/2/3,55,100,0,4(表：0 × 裏：4)、墨/金/藍/白,,,,,,,,,,
,,,,,,,,,,,,,,,,,,
10,A1,23117587,8000,2024/2/3,54,50,1,4(表：0 × 裏：4)、墨/金/藍/白,,10,A2,23110812,4000,2024/2/3,54,100,0,6(表：0 × 裏：6)、墨/黄/C/M/Y/白
10,A1,2311A195,24000,2024/2/3,54,50,1,4(表：0 × 裏：4)、墨/濃藍/薄藍/白,,10,A2,23112891,68000,2024/2/3,54,100,0,6(表：0 × 裏：6)、墨/黄/C/M/Y/白
10,A1,2310A921,4000,2024/2/3,54,100,0,2(表：0 × 裏：2)、藍/白,,10,A2,23113978,80000,2024/2/3,54,100,0,6(表：0 × 裏：6)、K/C/M/Y/黄/白
10,A1,2311A198,12000,2024/2/3,54,50,1,2(表：0 × 裏：2)、藍/白,,10,A2,23115213,20000,2024/2/3,54,100,0,6(表：0 × 裏：6)、K/C/M/Y/黄/白
10,A1,23114865,36000,2024/2/3,54,100,0,1(表：0 × 裏：1)、白,,10,A2,23116730,4000,2024/2/3,54,100,0,6(表：0 × 裏：6)、墨/黄/C/M/Y/白
10,A1,23115602,32000,2024/2/3,54,100,0,1(表：0 × 裏：1)、白,,10,A2,23116731,4000,2024/2/3,54,100,0,6(表：0 × 裏：6)、墨/黄/C/M/Y/白
10,A1,23118077,4000,2024/2/3,54,50,1,1(表：0 × 裏：1)、白色,,10,A2,23119805,40000,2024/2/3,54,100,0,6(表：0 × 裏：6)、K/C/M/Y/黄/白
10,A1,23101231,8000,2024/2/3,54,100,0,2(表：0 × 裏：2)、特茶/白,,10,A2,2311A303,4000,2024/2/3,54,33.33333333,2,6(表：0 × 裏：6)、墨/黄/C/M/Y/白
10,A1,23114987,4000,2024/2/3,54,100,0,2(表：0 × 裏：2)、茶/白,,,,,,,,,,
10,A1,23117526,8000,2024/2/3,54,50,1,2(表：0 × 裏：2)、特茶/白,,,,,,,,,,
10,A1,23114519,20000,2024/2/3,54,33.33333333,2,3(表：0 × 裏：3)、墨/茶/白,,,,,,,,,,
10,A1,23109699,4000,2024/2/3,54,100,0,3(表：0 × 裏：3)、墨/えんじ/白,,,,,,,,,,
10,A1,23114556,4000,2024/2/3,54,33.33333333,2,3(表：0 × 裏：3)、墨/えんじ/白,,,,,,,,,,
10,A1,23119910,4000,2024/2/3,54,50,1,3(表：0 × 裏：3)、墨/草/白,,,,,,,,,,
10,A1,23113074,4000,2024/2/3,54,33.33333333,2,4(表：0 × 裏：4)、墨/特黄/草/白,,,,,,,,,,
10,A1,23119698,4000,2024/2/3,54,100,0,2(表：0 × 裏：2)、緑/白,,,,,,,,,,
10,A1,2311A191,12000,2024/2/3,54,50,1,2(表：0 × 裏：2)、緑/白,,,,,,,,,,
,,,,,,,,,,,,,,,,,,
11,A1,23114203,12000,2024/2/3,53,100,0,3(表：0 × 裏：3)、草/赤/白,,11,A2,23106056,4000,2024/2/3,53,100,0,6(表：0 × 裏：6)、金/墨/Ｃ/Ｍ/Ｙ/白
11,A1,23117818,36000,2024/2/3,53,100,0,3(表：0 × 裏：3)、赤/緑/白,,11,A2,23112878,4000,2024/2/3,53,100,0,6(表：0 × 裏：6)、墨/金/C/M/Y/白
11,A1,23120885,12000,2024/2/3,53,33.33333333,2,3(表：0 × 裏：3)、草/赤/白,,11,A2,23114348,20000,2024/2/3,53,100,0,6(表：0 × 裏：6)、墨/金/C/M/Y/白
11,A1,23110886,4000,2024/2/3,53,33.33333333,2,5(表：0 × 裏：5)、墨/赤/草/クリーム/白,,11,A2,23114702,4000,2024/2/3,53,100,0,6(表：0 × 裏：6)、墨/金/C/M/Y/白
11,A1,23115442,12000,2024/2/3,53,50,1,5(表：0 × 裏：5)、墨/赤/草/金/白,,11,A2,23115381,4000,2024/2/3,53,100,0,6(表：0 × 裏：6)、墨/金/C/M/Y/白
11,A1,23120768,4000,2024/2/3,53,33.33333333,2,5(表：0 × 裏：5)、墨/金/草/白/草(背面),,11,A2,23119727,2000,2024/2/3,53,33.33333333,2,6(表：0 × 裏：6)、墨/金/C/M/Y/白
11,A1,23120696,4000,2024/2/3,53,25,3,4(表：0 × 裏：4)、紺/緑/金/白,,11,A2,23108057,4000,2024/2/3,53,100,0,6(表：0 × 裏：6)、墨/紫/C/M/Y/白
11,A1,23106217,32000,2024/2/3,53,20,4,5(表：0 × 裏：5)、紺/金/オレンジ/白/背面(クリーム),,11,A2,23110371,8000,2024/2/3,53,100,0,6(表：0 × 裏：6)、墨/紫/C/M/Y/白
11,A1,23118920,4000,2024/2/3,53,33.33333333,2,3(表：0 × 裏：3)、紺/ｸﾞﾚｰ/白,,11,A2,23110372,8000,2024/2/3,53,100,0,6(表：0 × 裏：6)、墨/紫/C/M/Y/白
11,A1,23118919,4000,2024/2/3,53,33.33333333,2,3(表：0 × 裏：3)、ﾋﾟﾝｸ/ｸﾞﾚｰ/白,,11,A2,23110833,4000,2024/2/3,53,100,0,6(表：0 × 裏：6)、墨/紫/C/M/Y/白
11,A1,23113972,8000,2024/2/3,53,50,1,1(表：0 × 裏：1)、特ピンク,,11,A2,23112890,16000,2024/2/3,53,100,0,6(表：0 × 裏：6)、墨/紫/C/M/Y/白
,,,,,,,,,,11,A2,23114307,40000,2024/2/3,53,100,0,6(表：0 × 裏：6)、墨/紫/C/M/Y/白
,,,,,,,,,,11,A2,23114308,16000,2024/2/3,53,100,0,6(表：0 × 裏：6)、墨/紫/C/M/Y/白
,,,,,,,,,,11,A2,23114309,40000,2024/2/3,53,100,0,6(表：0 × 裏：6)、墨/紫/C/M/Y/白
,,,,,,,,,,11,A2,23114310,16000,2024/2/3,53,100,0,6(表：0 × 裏：6)、墨/紫/C/M/Y/白
,,,,,,,,,,11,A2,23115212,8000,2024/2/3,53,100,0,6(表：0 × 裏：6)、K/紫/C/M/Y/白
,,,,,,,,,,,,,,,,,,
12,A1,23118372,16000,2024/2/3,52,33.33333333,2,2(表：0 × 裏：2)、特赤/特ピンク,,12,A2,23119356,24000,2024/2/3,52,100,0,6(表：0 × 裏：6)、墨/特紫/C/M/Y/白
,,,,,,,,,,12,A2,23119357,16000,2024/2/3,52,100,0,6(表：0 × 裏：6)、墨/紫/C/M/Y/白
,,,,,,,,,,12,A2,23119748,12000,2024/2/3,52,100,0,6(表：0 × 裏：6)、墨/紫/C/M/Y/白
,,,,,,,,,,12,A2,23119749,12000,2024/2/3,52,100,0,6(表：0 × 裏：6)、K/紫/C/M/Y/白
,,,,,,,,,,12,A2,2311A311,4000,2024/2/3,52,33.33333333,2,6(表：0 × 裏：6)、墨/紫/C/M/Y/白
,,,,,,,,,,12,A2,2310A391,20000,2024/2/3,52,100,0,6(表：0 × 裏：6)、墨/C/M/Y/特ピンク/白
,,,,,,,,,,12,A2,23117491,20000,2024/2/3,52,100,0,6(表：0 × 裏：6)、墨/C/M/Y/特ピンク/白
,,,,,,,,,,12,A2,23117547,4000,2024/2/3,52,100,0,6(表：0 × 裏：6)、墨/ﾋﾟﾝｸ/C/M/Y/白
,,,,,,,,,,12,A2,23118373,6000,2024/2/3,52,100,0,6(表：0 × 裏：6)、K/C/M/Y/特ピンク/白
,,,,,,,,,,12,A2,23118374,16000,2024/2/3,52,100,0,6(表：0 × 裏：6)、K/C/M/Y/特ピンク/白
,,,,,,,,,,12,A2,23120819,20000,2024/2/3,52,33.33333333,2,6(表：0 × 裏：6)、墨/C/M/Y/特ピンク/白
,,,,,,,,,,12,A2,23112621,4000,2024/2/3,52,100,0,6(表：0 × 裏：6)、墨/C/M/Y/特藍/白
,,,,,,,,,,12,A2,23117780,4000,2024/2/3,52,33.33333333,2,6(表：0 × 裏：6)、墨/C/M/Y/特藍/白
,,,,,,,,,,12,A2,23112964,8000,2024/2/3,52,100,0,6(表：0 × 裏：6)、墨/C/M/Y/特紺/白
,,,,,,,,,,12,A2,23113877,4000,2024/2/3,52,33.33333333,2,6(表：0 × 裏：6)、K/紺/C/M/Y/白
,,,,,,,,,,12,A2,23112884,8000,2024/2/3,52,100,0,6(表：0 × 裏：6)、紺/茶/C/M/Y/白
,,,,,,,,,,12,A2,23117685,4000,2024/2/3,52,33.33333333,2,6(表：0 × 裏：6)、紺/茶/C/M/Y/白
,,,,,,,,,,12,A2,23115597,10000,2024/2/3,52,100,0,6(表：0 × 裏：6)、墨/茶/C/M/Y/白
,,,,,,,,,,12,A2,23116427,16000,2024/2/3,52,100,0,6(表：0 × 裏：6)、Ｋ/特茶/Ｃ/Ｍ/Ｙ/白
,,,,,,,,,,12,A2,23116669,8000,2024/2/3,52,100,0,6(表：0 × 裏：6)、スミ/特茶/C/M/Y/白
,,,,,,,,,,,,,,,,,,
13,A1,23115958,120000,2024/2/3,51,100,0,2(表：0 × 裏：2)、赤/ｸﾘｰﾑ,,13,A2,23120579,6000,2024/2/3,51,33.33333333,2,6(表：0 × 裏：6)、スミ/特茶/C/M/Y/白
,,,,,,,,,,13,A2,23113132,8000,2024/2/3,51,33.33333333,2,6(表：0 × 裏：6)、墨/C/M/Y/白/ﾊﾟｰﾄｺｰﾄ
,,,,,,,,,,13,A2,23113435,12000,2024/2/3,51,100,0,6(表：0 × 裏：6)、K/特青/C/M/Y/白
,,,,,,,,,,13,A2,23114346,34000,2024/2/3,51,100,0,6(表：0 × 裏：6)、墨/特青/Ｃ/Ｍ/Ｙ/白色
,,,,,,,,,,13,A2,23115446,4000,2024/2/3,51,100,0,6(表：0 × 裏：6)、墨/C/M/Y/特青/白
,,,,,,,,,,13,A2,23115689,8000,2024/2/3,51,100,0,6(表：0 × 裏：6)、K/特青/C/M/Y/白
,,,,,,,,,,13,A2,23119512,4000,2024/2/3,51,100,0,6(表：0 × 裏：6)、墨/C/M/Y/特青/白
,,,,,,,,,,13,A2,23119696,4000,2024/2/3,51,33.33333333,2,6(表：0 × 裏：6)、K/特青/C/M/Y/白
,,,,,,,,,,13,A2,23114073,32000,2024/2/3,51,100,0,6(表：0 × 裏：6)、スミ/C/M/Y/銀/白
,,,,,,,,,,13,A2,23116651,2000,2024/2/3,51,100,0,6(表：0 × 裏：6)、スミ/C/M/Y/シルバー/白
,,,,,,,,,,13,A2,23116641,2000,2024/2/3,51,33.33333333,2,6(表：0 × 裏：6)、スミ/C/M/Y/シルバー/白
,,,,,,,,,,13,A2,23114327,34000,2024/2/3,51,100,0,6(表：0 × 裏：6)、墨/特橙色/Ｃ/Ｍ/Ｙ/白色
,,,,,,,,,,13,A2,23114374,76000,2024/2/3,51,100,0,6(表：0 × 裏：6)、墨色/特橙色/C/M/Y/白色
,,,,,,,,,,,,,,,,,,
14,A1,23115959,120000,2024/2/3,50,50,1,2(表：0 × 裏：2)、赤/ｸﾘｰﾑ,,14,A2,23119084,2000,2024/2/3,50,33.33333333,2,6(表：0 × 裏：6)、墨/C/M/Y/ｵﾚﾝｼﾞ/白
,,,,,,,,,,14,A2,23115023,20000,2024/2/3,50,33.33333333,2,6(表：0 × 裏：6)、スミ/C/M/Y/透明黄/白
,,,,,,,,,,14,A2,23115813,4000,2024/2/3,50,100,0,6(表：0 × 裏：6)、墨/セピア/C/M/Y/白
,,,,,,,,,,14,A2,23118361,12000,2024/2/3,50,100,0,6(表：0 × 裏：6)、スミ/セピア/C/M/Y/白
,,,,,,,,,,14,A2,23120254,4000,2024/2/3,50,100,0,6(表：0 × 裏：6)、墨/セピア/C/M/Y/白
,,,,,,,,,,14,A2,23120676,4000,2024/2/3,50,33.33333333,2,6(表：0 × 裏：6)、Ｋ/ｾﾋﾟｱ/Ｃ/Ｍ/Ｙ/白
,,,,,,,,,,14,A2,23113042,40000,2024/2/3,50,100,0,6(表：0 × 裏：6)、特ｾﾋﾟｱ/C/M/Y/特ｸﾘｰﾑ/白
,,,,,,,,,,14,A2,23114823,4000,2024/2/3,50,33.33333333,2,6(表：0 × 裏：6)、セピア/C/M/Y/特クリーム/白
,,,,,,,,,,14,A2,23113546,2000,2024/2/3,50,100,0,6(表：0 × 裏：6)、セピア/C/M/Y/金/白
,,,,,,,,,,14,A2,23113987,88000,2024/2/3,50,100,0,6(表：0 × 裏：6)、セピア/C/M/Y/金/白
,,,,,,,,,,14,A2,23114696,20000,2024/2/3,50,33.33333333,2,6(表：0 × 裏：6)、セピア/C/M/Y/金/白
,,,,,,,,,,14,A2,23114333,20000,2024/2/3,50,100,0,6(表：0 × 裏：6)、セピア/C/M/Y/クリーム/白
,,,,,,,,,,,,,,,,,,
15,A1,23115215,120000,2024/2/3,49,100,0,3(表：0 × 裏：3)、茶/赤/クリーム,,15,A2,23114356,8000,2024/2/3,49,100,0,6(表：0 × 裏：6)、セピア/C/M/Y/クリーム/白
,,,,,,,,,,15,A2,23117680,16000,2024/2/3,49,100,0,6(表：0 × 裏：6)、セピア/C/M/Y/クリーム/白
,,,,,,,,,,15,A2,23118345,12000,2024/2/3,49,33.33333333,2,6(表：0 × 裏：6)、セピア/C/M/Y/クリーム/白
,,,,,,,,,,15,A2,23117240,6000,2024/2/3,49,33.33333333,2,6(表：0 × 裏：6)、スミ/C/M/Y/クリーム/白
,,,,,,,,,,15,A2,23117506,4000,2024/2/3,49,33.33333333,2,6(表：0 × 裏：6)、墨/C/M/Y/えんじ/白
,,,,,,,,,,15,A2,23117936,4000,2024/2/3,49,100,0,6(表：0 × 裏：6)、K/C/M/Y/水色/白
,,,,,,,,,,15,A2,23119774,6000,2024/2/3,49,33.33333333,2,6(表：0 × 裏：6)、スミ/C/M/Y/特水色/白
,,,,,,,,,,15,A2,23120052,4000,2024/2/3,49,20,4,6(表：0 × 裏：6)、墨/C/M/Y/黄緑/白
,,,,,,,,,,15,A2,23108428,4000,2024/2/3,49,20,4,6(表：0 × 裏：6)、スミ/特アイ/M/Y/特クリーム/白
,,,,,,,,,,15,A2,23120526,4000,2024/2/3,49,33.33333333,2,4(表：0 × 裏：4)、墨/特赤/特黄/白
,,,,,,,,,,15,A2,23115724,4000,2024/2/3,49,100,0,4(表：0 × 裏：4)、墨/青/赤/白
,,,,,,,,,,15,A2,23115725,4000,2024/2/3,49,100,0,4(表：0 × 裏：4)、墨/青/赤/白
,,,,,,,,,,15,A2,23115866,4000,2024/2/3,49,100,0,5(表：0 × 裏：5)、墨/青/赤/白/背面青
,,,,,,,,,,15,A2,23115867,4000,2024/2/3,49,100,0,5(表：0 × 裏：5)、墨/青/赤/白/背面青
,,,,,,,,,,15,A2,23115868,4000,2024/2/3,49,100,0,5(表：0 × 裏：5)、墨/青/赤/白/背面青
,,,,,,,,,,15,A2,23115870,4000,2024/2/3,49,100,0,5(表：0 × 裏：5)、墨/青/赤/白/背面青
,,,,,,,,,,15,A2,23115871,4000,2024/2/3,49,50,1,5(表：0 × 裏：5)、墨/青/赤/白/背面青
,,,,,,,,,,15,A2,23108785,12000,2024/2/3,49,100,0,5(表：0 × 裏：5)、墨/青/赤/水色/白
,,,,,,,,,,15,A2,23112736,12000,2024/2/3,49,100,0,5(表：0 × 裏：5)、墨/青/赤/水色/白
,,,,,,,,,,15,A2,23115858,4000,2024/2/3,49,100,0,6(表：0 × 裏：6)、墨/青/赤/水色/白/背面青
,,,,,,,,,,15,A2,23115859,4000,2024/2/3,49,100,0,6(表：0 × 裏：6)、墨/青/赤/水色/白/背面青
,,,,,,,,,,15,A2,23115861,4000,2024/2/3,49,100,0,6(表：0 × 裏：6)、墨/青/赤/水色/白/背面青
,,,,,,,,,,15,A2,23115862,4000,2024/2/3,49,100,0,6(表：0 × 裏：6)、墨/青/赤/水色/白/背面青
,,,,,,,,,,15,A2,23115864,4000,2024/2/3,49,33.33333333,2,6(表：0 × 裏：6)、墨/青/赤/水色/白/背面青
,,,,,,,,,,15,A2,23112719,12000,2024/2/3,49,50,1,5(表：0 × 裏：5)、墨/藍/水色/赤/白
,,,,,,,,,,15,A2,23116568,12000,2024/2/3,49,33.33333333,2,4(表：0 × 裏：4)、藍/水色/赤/白
,,,,,,,,,,15,A2,2311A196,28000,2024/2/3,49,50,1,4(表：0 × 裏：4)、墨/藍/朱/白
,,,,,,,,,,15,A2,23116573,4000,2024/2/3,49,25,3,5(表：0 × 裏：5)、墨/紺/藍/赤/白
,,,,,,,,,,15,A2,23111785,4000,2024/2/3,49,33.33333333,2,6(表：0 × 裏：6)、墨/金/紺/赤/オレンジ/白
,,,,,,,,,,15,A2,23116083,4000,2024/2/3,49,16.66666667,5,6(表：0 × 裏：6)、墨/金/藍/紺/オレンジ/白
,,,,,,,,,,15,A2,23115487,4000,2024/2/3,49,100,0,5(表：0 × 裏：5)、墨/金/青/赤/白
,,,,,,,,,,15,A2,23118294,4000,2024/2/3,49,50,1,5(表：0 × 裏：5)、墨/金/青/赤/白
,,,,,,,,,,15,A2,23106092,4000,2024/2/3,49,25,3,6(表：0 × 裏：6)、墨/金/紫/赤/青/白
,,,,,,,,,,15,A2,23115853,4000,2024/2/3,49,100,0,6(表：0 × 裏：6)、墨/青/赤/黄/白/背面青
,,,,,,,,,,15,A2,23115854,4000,2024/2/3,49,100,0,6(表：0 × 裏：6)、墨/青/赤/黄/白/背面青
,,,,,,,,,,,,,,,,,,
16,A1,23115960,120000,2024/2/3,48,100,0,3(表：0 × 裏：3)、茶/赤/クリーム,,16,A2,23115855,4000,2024/2/3,48,100,0,6(表：0 × 裏：6)、墨/青/赤/黄/白/背面青
,,,,,,,,,,16,A2,23115856,4000,2024/2/3,48,100,0,6(表：0 × 裏：6)、墨/青/赤/黄/白/背面青
,,,,,,,,,,16,A2,23115857,4000,2024/2/3,48,100,0,6(表：0 × 裏：6)、墨/青/赤/黄/白/背面青
,,,,,,,,,,16,A2,23116251,4000,2024/2/3,48,25,3,5(表：0 × 裏：5)、墨/青/赤/黄/白
,,,,,,,,,,16,A2,23112685,8000,2024/2/3,48,33.33333333,2,4(表：0 × 裏：4)、茶/赤/黄/白
,,,,,,,,,,16,A2,23115910,4000,2024/2/3,48,50,1,4(表：0 × 裏：4)、ｾﾋﾟｱ/赤/黄/白
,,,,,,,,,,16,A2,23117687,8000,2024/2/3,48,50,1,3(表：0 × 裏：3)、セピア/赤/白
,,,,,,,,,,16,A2,2310A457,4000,2024/2/3,48,33.33333333,2,4(表：0 × 裏：4)、セピア/金/特赤/白
,,,,,,,,,,16,A2,23114350,8000,2024/2/3,48,100,0,4(表：0 × 裏：4)、セピア/赤/オレンジ/白
,,,,,,,,,,16,A2,23119088,8000,2024/2/3,48,33.33333333,2,4(表：0 × 裏：4)、セピア/赤/オレンジ/白
,,,,,,,,,,16,A2,23116458,8000,2024/2/3,48,100,0,4(表：0 × 裏：4)、赤/ｾﾋﾟｱ/ｸﾘｰﾑ/白
,,,,,,,,,,16,A2,23120617,12000,2024/2/3,48,25,3,4(表：0 × 裏：4)、赤/ｾﾋﾟｱ/ｸﾘｰﾑ/白
,,,,,,,,,,16,A2,23116297,8000,2024/2/3,48,50,1,1(表：0 × 裏：1)、ｾﾋﾟｱ
,,,,,,,,,,16,A2,23113980,64000,2024/2/3,48,100,0,2(表：0 × 裏：2)、セピア/透明黄
,,,,,,,,,,16,A2,23115964,12000,2024/2/3,48,33.33333333,2,2(表：0 × 裏：2)、セピア/透明黄
,,,,,,,,,,16,A2,23115963,28000,2024/2/3,48,100,0,2(表：0 × 裏：2)、赤/透明黄
,,,,,,,,,,16,A2,23117353,4000,2024/2/3,48,33.33333333,2,2(表：0 × 裏：2)、赤/透明黄
,,,,,,,,,,16,A2,23116395,8000,2024/2/3,48,33.33333333,2,2(表：0 × 裏：2)、スミ/特赤
,,,,,,,,,,16,A2,23118978,4000,2024/2/3,48,33.33333333,2,4(表：0 × 裏：4)、スミ/赤/ベージュ/白
,,,,,,,,,,16,A2,23118371,8000,2024/2/3,48,25,3,4(表：0 × 裏：4)、墨/黄/ベージュ/白
,,,,,,,,,,,,,,,,,,
17,A1,23115961,120000,2024/2/3,47,50,1,3(表：0 × 裏：3)、茶/赤/クリーム,,17,A2,23112954,16000,2024/2/3,47,25,3,6(表：0 × 裏：6)、墨/黄/白/白/銀/草
17,A1,23112530,2000,2024/2/3,47,33.33333333,2,2(表：0 × 裏：2)、茶/ｸﾘｰﾑ,,17,A2,23120399,8000,2024/2/3,47,100,0,6(表：0 × 裏：6)、墨/黄土/赤/緑/黄/白
17,A1,23114939,4000,2024/2/3,47,25,3,2(表：0 × 裏：2)、茶/金,,17,A2,23120551,4000,2024/2/3,47,16.66666667,5,6(表：0 × 裏：6)、墨/黄土/赤/緑/黄/白
17,A1,23119616,4000,2023/12/27,9,100,0,1(表：1 × 裏：0)、白,,17,A2,23106201,8000,2024/2/3,47,20,4,5(表：0 × 裏：5)、茶/草/薄茶/黄/白
17,A1,23120685,2000,2024/1/26,39,100,0,1(表：1 × 裏：0)、白,,17,A2,23117732,4000,2024/2/3,47,33.33333333,2,1(表：0 × 裏：1)、緑
17,A1,23111075,8000,2024/2/3,47,100,0,1(表：1 × 裏：0)、白,,17,A2,23104032,16000,2024/2/3,47,100,0,1(表：0 × 裏：1)、ﾌﾞﾙｰ
17,A1,23111110,8000,2024/2/3,47,100,0,1(表：1 × 裏：0)、白,,17,A2,23109678,16000,2024/2/3,47,25,3,1(表：0 × 裏：1)、ﾌﾞﾙｰ
,,,,,,,,,,17,A2,23114940,4000,2024/2/3,47,25,3,2(表：0 × 裏：2)、青/銀
,,,,,,,,,,17,A2,23118921,4000,2024/2/3,47,33.33333333,2,3(表：0 × 裏：3)、青/グレー/白
,,,,,,,,,,17,A2,23118922,4000,2024/2/3,47,25,3,3(表：0 × 裏：3)、赤/ｸﾞﾚｰ/白
,,,,,,,,,,17,A2,23116632,4000,2024/2/3,47,20,4,2(表：0 × 裏：2)、紫/白
,,,,,,,,,,17,A2,23118147,4000,2024/2/3,47,14.28571429,6,4(表：0 × 裏：4)、茶/藍/浅葱/白
,,,,,,,,,,17,A2,23119024,4000,2024/2/3,47,33.33333333,2,4(表：1 × 裏：3)、ｾﾋﾟｱ/紺/白/離型剤
,,,,,,,,,,17,A2,23119025,4000,2024/2/3,47,20,4,4(表：1 × 裏：3)、ｾﾋﾟｱ/紅/白/離型剤
,,,,,,,,,,17,A2,23119022,4000,2024/2/3,47,100,0,6(表：1 × 裏：5)、ｾﾋﾟｱ/C/M/Y/白/離型剤
,,,,,,,,,,17,A2,23119023,4000,2024/2/3,47,100,0,6(表：1 × 裏：5)、ｾﾋﾟｱ/C/M/Y/白/離型剤
,,,,,,,,,,17,A2,23119029,4000,2024/2/3,47,33.33333333,2,6(表：1 × 裏：5)、ｾﾋﾟｱ/C/M/Y/白/離型剤
,,,,,,,,,,17,A2,23117823,4000,2024/2/3,47,100,0,6(表：1 × 裏：5)、ｾﾋﾟｱ/Ｃ/Ｍ/Ｙ/白/ﾏｯﾄ
,,,,,,,,,,17,A2,23118415,8000,2024/2/3,47,100,0,6(表：1 × 裏：5)、ｾﾋﾟｱ/C/M/Y/白/ﾏｯﾄ
,,,,,,,,,,17,A2,23120318,12000,2024/2/3,47,33.33333333,2,6(表：1 × 裏：5)、ｾﾋﾟｱ/C/M/Y/白/ﾏｯﾄ
,,,,,,,,,,17,A2,23113952,48000,2024/2/3,47,100,0,6(表：1 × 裏：5)、墨/C/M/Y/白/ﾏｯﾄ
,,,,,,,,,,,,,,,,,,
18,A1,23111279,28000,2024/2/3,46,100,0,1(表：1 × 裏：0)、白,,,,,,,,,,
18,A1,23112339,68000,2024/2/3,46,100,0,1(表：1 × 裏：0)、白,,,,,,,,,,
18,A1,23113173,40000,2024/2/3,46,100,0,1(表：1 × 裏：0)、白,,,,,,,,,,
18,A1,23113176,20000,2024/2/3,46,100,0,1(表：1 × 裏：0)、白,,,,,,,,,,
18,A1,23114183,16000,2024/2/3,46,100,0,1(表：1 × 裏：0)、白,,,,,,,,,,
,,,,,,,,,,,,,,,,,,
19,A1,23114478,40000,2024/2/3,45,100,0,1(表：1 × 裏：0)、白,,,,,,,,,,
19,A1,23114479,28000,2024/2/3,45,100,0,1(表：1 × 裏：0)、白,,,,,,,,,,
19,A1,23114867,32000,2024/2/3,45,100,0,1(表：1 × 裏：0)、白,,,,,,,,,,
19,A1,23114899,40000,2024/2/3,45,100,0,1(表：1 × 裏：0)、白,,,,,,,,,,
19,A1,23114907,40000,2024/2/3,45,100,0,1(表：1 × 裏：0)、白,,,,,,,,,,
,,,,,,,,,,,,,,,,,,
20,A1,23115157,40000,2024/2/3,44,100,0,1(表：1 × 裏：0)、白,,,,,,,,,,
20,A1,23117493,44000,2024/2/3,44,100,0,1(表：1 × 裏：0)、白,,,,,,,,,,
20,A1,23118683,12000,2024/2/3,44,100,0,1(表：1 × 裏：0)、白,,,,,,,,,,
20,A1,23119979,16000,2024/2/3,44,100,0,1(表：1 × 裏：0)、白,,,,,,,,,,
20,A1,2311A089,20000,2024/2/3,44,100,0,1(表：1 × 裏：0)、白,,,,,,,,,,
20,A1,2311A564,40000,2024/2/3,44,100,0,1(表：1 × 裏：0)、白,,,,,,,,,,
20,A1,2311A565,28000,2024/2/3,44,100,0,1(表：1 × 裏：0)、白,,,,,,,,,,
,,,,,,,,,,,,,,,,,,
21,A1,23120176,12000,2024/2/3,43,100,0,1(表：1 × 裏：0)、白,,,,,,,,,,
21,A1,23120397,20000,2024/2/3,43,100,0,1(表：1 × 裏：0)、白,,,,,,,,,,
21,A1,23120694,28000,2024/2/3,43,100,0,1(表：1 × 裏：0)、白,,,,,,,,,,
21,A1,23120700,40000,2024/2/3,43,100,0,1(表：1 × 裏：0)、白,,,,,,,,,,
21,A1,23120822,44000,2024/2/3,43,50,1,1(表：1 × 裏：0)、白,,,,,,,,,,
21,A1,23119901,16000,2023/12/27,5,100,0,2(表：2 × 裏：0)、白/草,,,,,,,,,,
21,A1,23119902,16000,2023/12/27,5,100,0,2(表：2 × 裏：0)、白/草,,,,,,,,,,
21,A1,23109994,16000,2024/2/3,43,50,1,2(表：2 × 裏：0)、白/草,,,,,,,,,,
,,,,,,,,,,,,,,,,,,
22,A1,23119617,4000,2023/12/29,6,50,1,1(表：1 × 裏：0)、緑,,,,,,,,,,
22,A1,23113047,44000,2024/2/3,42,100,0,2(表：2 × 裏：0)、草/墨,,,,,,,,,,
22,A1,2311A499,60000,2024/2/3,42,50,1,2(表：2 × 裏：0)、草/墨,,,,,,,,,,
22,A1,23117504,20000,2024/2/3,42,33.33333333,2,3(表：3 × 裏：0)、ｸﾘｰﾑ/緑色/墨,,,,,,,,,,
22,A1,23118416,44000,2024/2/3,42,33.33333333,2,3(表：3 × 裏：0)、ｸﾘｰﾑ/青色/墨,,,,,,,,,,
22,A1,23118417,28000,2024/2/3,42,50,1,3(表：3 × 裏：0)、ｸﾘｰﾑ/赤色/墨,,,,,,,,,,
22,A1,23119878,4000,2024/2/3,42,50,1,4(表：4 × 裏：0)、白/クリーム/赤/墨,,,,,,,,,,
22,A1,23118445,4000,2024/2/3,42,100,0,3(表：3 × 裏：0)、白/赤/墨,,,,,,,,,,
22,A1,23119169,4000,2024/2/3,42,100,0,3(表：3 × 裏：0)、白/赤/墨,,,,,,,,,,
22,A1,23120824,2000,2024/2/3,42,50,1,3(表：3 × 裏：0)、白/赤/墨,,,,,,,,,,
,,,,,,,,,,,,,,,,,,
23,A1,23118353,16000,2024/1/15,22,100,0,2(表：2 × 裏：0)、白/スミ,,,,,,,,,,
23,A1,23118910,16000,2024/1/22,29,100,0,2(表：2 × 裏：0)、白/スミ,,,,,,,,,,
23,A1,23108540,72000,2024/2/3,41,100,0,2(表：2 × 裏：0)、白/墨,,,,,,,,,,
23,A1,23113097,12000,2024/2/3,41,100,0,2(表：2 × 裏：0)、白/墨,,,,,,,,,,
23,A1,23114555,8000,2024/2/3,41,100,0,2(表：2 × 裏：0)、白/墨,,,,,,,,,,
23,A1,23117986,72000,2024/2/3,41,100,0,2(表：2 × 裏：0)、白/墨,,,,,,,,,,
,,,,,,,,,,,,,,,,,,
24,A1,23119078,12000,2024/2/3,40,100,0,2(表：2 × 裏：0)、白/墨,,,,,,,,,,
24,A1,23119432,53000,2024/2/3,40,100,0,2(表：2 × 裏：0)、白/墨,,,,,,,,,,
24,A1,23120050,12000,2024/2/3,40,50,1,2(表：2 × 裏：0)、白/墨,,,,,,,,,,
24,A1,23118405,16000,2024/2/3,40,50,1,3(表：3 × 裏：0)、白/水色/墨,,,,,,,,,,
24,A1,23119021,24000,2024/2/3,40,33.33333333,2,5(表：5 × 裏：0)、背面金/白/水色/金/墨,,,,,,,,,,
24,A1,23113699,4000,2024/2/3,40,33.33333333,2,4(表：4 × 裏：0)、背面橙/白/高輝度金/墨,,,,,,,,,,
,,,,,,,,,,,,,,,,,,
25,A1,23113044,80000,2024/2/3,39,100,0,2(表：2 × 裏：0)、オレンジ/墨,,,,,,,,,,
25,A1,23113045,80000,2024/2/3,39,33.33333333,2,2(表：2 × 裏：0)、オレンジ/墨,,,,,,,,,,
25,A1,23113049,22000,2024/2/3,39,33.33333333,2,2(表：2 × 裏：0)、紫/墨,,,,,,,,,,
25,A1,21046563,11000,2024/2/3,39,100,0,2(表：2 × 裏：0)、白/紫,,,,,,,,,,
25,A1,23103466,24000,2024/2/3,39,100,0,2(表：2 × 裏：0)、白/紫,,,,,,,,,,
,,,,,,,,,,,,,,,,,,
26,A1,23110692,3000,2024/2/3,38,100,0,2(表：2 × 裏：0)、白/紫,,,,,,,,,,
26,A1,23110697,17000,2024/2/3,38,100,0,2(表：2 × 裏：0)、白/紫,,,,,,,,,,
26,A1,23115913,56000,2024/2/3,38,100,0,2(表：2 × 裏：0)、白/紫,,,,,,,,,,
26,A1,23118563,17000,2024/2/3,38,33.33333333,2,2(表：2 × 裏：0)、白/紫,,,,,,,,,,
26,A1,23098109,5000,2024/2/3,38,100,0,2(表：2 × 裏：0)、白/赤,,,,,,,,,,
26,A1,23109509,20000,2024/2/3,38,100,0,2(表：2 × 裏：0)、白/赤,,,,,,,,,,
26,A1,23109510,20000,2024/2/3,38,100,0,2(表：2 × 裏：0)、白/赤,,,,,,,,,,
26,A1,23110713,24000,2024/2/3,38,100,0,2(表：2 × 裏：0)、白/赤,,,,,,,,,,
26,A1,23111074,12000,2024/2/3,38,100,0,2(表：2 × 裏：0)、白/赤,,,,,,,,,,
26,A1,23118161,20000,2024/2/3,38,100,0,2(表：2 × 裏：0)、白/赤,,,,,,,,,,
26,A1,23118162,20000,2024/2/3,38,100,0,2(表：2 × 裏：0)、白/赤,,,,,,,,,,
,,,,,,,,,,,,,,,,,,
27,A1,23120251,8000,2024/2/3,37,50,1,2(表：2 × 裏：0)、白/赤,,,,,,,,,,
27,A1,23108266,32000,2024/2/3,37,33.33333333,2,3(表：3 × 裏：0)、白/赤/赤金色,,,,,,,,,,
27,A1,23109383,6000,2024/2/3,37,100,0,3(表：3 × 裏：0)、白/赤/青,,,,,,,,,,
27,A1,23109376,4000,2024/2/3,37,100,0,3(表：3 × 裏：0)、白/赤/青,,,,,,,,,,
27,A1,23117516,4000,2024/2/3,37,50,1,3(表：3 × 裏：0)、白/赤/青,,,,,,,,,,
27,A1,23119396,8000,2024/2/3,37,50,1,2(表：2 × 裏：0)、白/青,,,,,,,,,,
27,A1,23114467,4000,2024/2/3,37,50,1,3(表：3 × 裏：0)、白/ 青/離型剤,,,,,,,,,,
27,A1,23112827,4000,2024/2/3,37,100,0,2(表：2 × 裏：0)、白/離型剤,,,,,,,,,,
27,A1,23112830,4000,2024/2/3,37,100,0,2(表：2 × 裏：0)、白/離型剤,,,,,,,,,,
27,A1,23112833,4000,2024/2/3,37,100,0,2(表：2 × 裏：0)、白/離型剤,,,,,,,,,,
27,A1,23112838,4000,2024/2/3,37,100,0,2(表：2 × 裏：0)、白/離型剤,,,,,,,,,,
27,A1,23112839,4000,2024/2/3,37,100,0,2(表：2 × 裏：0)、白/離型剤,,,,,,,,,,
27,A1,23118939,4000,2024/2/3,37,100,0,2(表：2 × 裏：0)、白/離型剤,,,,,,,,,,
27,A1,23119167,4000,2024/2/3,37,100,0,2(表：2 × 裏：0)、白/離型剤,,,,,,,,,,
27,A1,23119400,4000,2024/2/3,37,100,0,2(表：2 × 裏：0)、白/離型剤,,,,,,,,,,
27,A1,2311A336,4000,2024/2/3,37,100,0,2(表：2 × 裏：0)、白/離型剤,,,,,,,,,,
27,A1,2311A478,4000,2024/2/3,37,100,0,2(表：2 × 裏：0)、白/離型剤,,,,,,,,,,
27,A1,2311A522,2000,2024/2/3,37,100,0,2(表：2 × 裏：0)、白/離型剤,,,,,,,,,,
27,A1,2311A523,2000,2024/2/3,37,100,0,2(表：2 × 裏：0)、白/離型剤,,,,,,,,,,
27,A1,23120284,4000,2024/2/3,37,100,0,2(表：2 × 裏：0)、白/離型剤,,,,,,,,,,
27,A1,23120285,4000,2024/2/3,37,100,0,2(表：2 × 裏：0)、白/離型剤,,,,,,,,,,
27,A1,23120469,4000,2024/2/3,37,50,1,2(表：2 × 裏：0)、白/離型剤,,,,,,,,,,
27,A1,23109218,4000,2024/2/3,37,50,1,3(表：3 × 裏：0)、白/ﾒﾀﾘｯｸﾋﾟﾝｸ/離型剤,,,,,,,,,,
27,A1,23119261,10000,2024/2/3,37,50,1,2(表：2 × 裏：0)、白/ピンク,,,,,,,,,,
27,A1,23120252,4000,2024/2/3,37,33.33333333,2,3(表：3 × 裏：0)、白/ﾋﾟﾝｸ/茶,,,,,,,,,,
27,A1,23114214,4000,2024/2/3,37,33.33333333,2,3(表：3 × 裏：0)、白/草/茶,,,,,,,,,,
27,A1,23115809,4000,2024/2/3,37,33.33333333,2,3(表：3 × 裏：0)、白/特ベージュ/特茶,,,,,,,,,,
27,A1,23115991,12000,2024/2/3,37,100,0,3(表：3 × 裏：0)、白/ｵﾚﾝｼﾞ/茶,,,,,,,,,,
27,A1,23120253,8000,2024/2/3,37,50,1,3(表：3 × 裏：0)、白/ｵﾚﾝｼﾞ/茶,,,,,,,,,,
,,,,,,,,,,,,,,,,,,
28,A1,23114218,4000,2024/2/3,36,100,0,2(表：2 × 裏：0)、白/橙,,,,,,,,,,
28,A1,23115914,124000,2024/2/3,36,33.33333333,2,2(表：2 × 裏：0)、白/オレンジ,,,,,,,,,,
,,,,,,,,,,,,,,,,,,
29,A1,23110666,6000,2024/2/3,35,100,0,2(表：2 × 裏：0)、白/藍,,,,,,,,,,
,,,,,,,,,,,,,,,,,,
30,A1,23115925,280000,2024/2/3,34,100,0,2(表：2 × 裏：0)、白/藍,,,,,,,,,,
,,,,,,,,,,,,,,,,,,
31,A1,23115926,280000,2024/2/3,33,100,0,2(表：2 × 裏：0)、白/藍,,,,,,,,,,
,,,,,,,,,,,,,,,,,,
32,A1,23115928,280000,2024/2/3,32,100,0,2(表：2 × 裏：0)、白/藍,,,,,,,,,,
,,,,,,,,,,,,,,,,,,
33,A1,23115930,156000,2024/2/3,31,100,0,2(表：2 × 裏：0)、白/藍,,,,,,,,,,
,,,,,,,,,,,,,,,,,,
34,A1,23115932,116000,2024/2/3,30,100,0,2(表：2 × 裏：0)、白/藍,,,,,,,,,,
34,A1,2311A072,24000,2024/2/3,30,100,0,2(表：2 × 裏：0)、白/藍,,,,,,,,,,
34,A1,2311A080,32000,2024/2/3,30,50,1,2(表：2 × 裏：0)、白/藍,,,,,,,,,,
34,A1,23104246,24000,2024/2/3,30,33.33333333,2,3(表：3 × 裏：0)、銀/白/藍,,,,,,,,,,
,,,,,,,,,,,,,,,,,,
35,A1,23110905,19000,2024/2/3,29,25,3,3(表：3 × 裏：0)、銀/白/水色,,,,,,,,,,
35,A1,23110676,20000,2024/2/3,29,100,0,2(表：2 × 裏：0)、白/ブルー,,,,,,,,,,
35,A1,23118282,19000,2024/2/3,29,33.33333333,2,2(表：2 × 裏：0)、白/ブルー,,,,,,,,,,
35,A1,23113735,24000,2024/2/3,29,50,1,2(表：2 × 裏：0)、白/金,,,,,,,,,,
35,A1,23112396,8000,2024/2/3,29,100,0,3(表：3 × 裏：0)、白/金/離型剤,,,,,,,,,,
35,A1,23112404,4000,2024/2/3,29,50,1,3(表：3 × 裏：0)、白/金/離型剤,,,,,,,,,,
35,A1,23120530,2000,2024/2/3,29,50,1,2(表：2 × 裏：0)、金/離型剤,,,,,,,,,,
,,,,,,,,,,,,,,,,,,
36,A1,23113041,120000,2024/2/3,28,100,0,1(表：1 × 裏：0)、金,,,,,,,,,,
36,A1,23118938,20000,2024/2/3,28,33.33333333,2,1(表：1 × 裏：0)、金,,,,,,,,,,
36,A1,23111352,32000,2024/2/3,28,100,0,1(表：1 × 裏：0)、グレー,,,,,,,,,,
,,,,,,,,,,,,,,,,,,
37,A1,23115601,32000,2024/2/3,27,100,0,1(表：1 × 裏：0)、グレー,,,,,,,,,,
37,A1,2311A521,32000,2024/2/3,27,25,3,1(表：1 × 裏：0)、グレー,,,,,,,,,,
37,A1,23110442,52000,2024/2/3,27,100,0,2(表：2 × 裏：0)、ベージュ/赤,,,,,,,,,,
37,A1,23113953,52000,2024/2/3,27,100,0,2(表：2 × 裏：0)、ベージュ/赤,,,,,,,,,,
,,,,,,,,,,,,,,,,,,
38,A1,23118738,52000,2024/2/3,26,25,3,2(表：2 × 裏：0)、ベージュ/赤,,,,,,,,,,
38,A1,23115542,80000,2024/2/3,26,50,1,3(表：3 × 裏：0)、赤/金/墨,,,,,,,,,,
38,A1,23115024,4000,2024/2/3,26,100,0,4(表：4 × 裏：0)、白/高輝度金/赤/墨,,,,,,,,,,
38,A1,23118461,28000,2024/2/3,26,100,0,5(表：5 × 裏：0)、背面墨/白/高輝度金/特赤/墨,,,,,,,,,,
38,A1,23118615,8000,2024/2/3,26,100,0,5(表：5 × 裏：0)、背面墨/白/高輝度金/特赤/墨,,,,,,,,,,
38,A1,23118892,32000,2024/2/3,26,100,0,5(表：5 × 裏：0)、背面墨/白/高輝度金/特赤/墨,,,,,,,,,,
,,,,,,,,,,,,,,,,,,
39,A1,23120283,20000,2024/2/3,25,50,1,5(表：5 × 裏：0)、背面赤/白/高輝度金/赤/墨,,,,,,,,,,
39,A1,23118413,40000,2024/2/3,25,100,0,5(表：5 × 裏：0)、白/高輝度金/赤/グレー/墨,,,,,,,,,,
39,A1,23118414,20000,2024/2/3,25,100,0,5(表：5 × 裏：0)、白/高輝度金/赤/グレー/墨,,,,,,,,,,
39,A1,23118528,16000,2024/2/3,25,33.33333333,2,5(表：5 × 裏：0)、白/高輝度金/赤/グレー/墨,,,,,,,,,,
39,A1,23120423,12000,2024/2/3,25,25,3,5(表：5 × 裏：0)、白/赤/金/紫/墨,,,,,,,,,,
,,,,,,,,,,,,,,,,,,
40,A1,23108248,32000,2024/2/3,24,33.33333333,2,4(表：4 × 裏：0)、白/紫/金/紺,,,,,,,,,,
40,A1,23114010,100000,2024/2/3,24,100,0,5(表：5 × 裏：0)、背面赤/白/高輝度金/赤/紺,,,,,,,,,,
,,,,,,,,,,,,,,,,,,
41,A1,23118437,32000,2024/2/3,23,100,0,5(表：5 × 裏：0)、背面赤/白/高輝度金/赤/紺,,,,,,,,,,
41,A1,23118446,100000,2024/2/3,23,100,0,5(表：5 × 裏：0)、背面赤/白/高輝度金/赤/紺,,,,,,,,,,
41,A1,23118601,8000,2024/2/3,23,100,0,5(表：5 × 裏：0)、背面赤/白/高輝度金/赤/紺,,,,,,,,,,
41,A1,23118896,40000,2024/2/3,23,100,0,5(表：5 × 裏：0)、背面赤/白/高輝度金/赤/紺,,,,,,,,,,
41,A1,23119070,12000,2024/2/3,23,100,0,5(表：5 × 裏：0)、背面赤/白/高輝度金/赤/紺,,,,,,,,,,
,,,,,,,,,,,,,,,,,,
42,A1,23119882,20000,2024/2/3,22,100,0,5(表：5 × 裏：0)、背面赤/白/高輝度金/赤/紺,,,,,,,,,,
42,A1,23119885,32000,2024/2/3,22,100,0,5(表：5 × 裏：0)、背面赤/白/高輝度金/赤/紺,,,,,,,,,,
42,A1,23119886,40000,2024/2/3,22,100,0,5(表：5 × 裏：0)、背面赤/白/高輝度金/赤/紺,,,,,,,,,,
42,A1,23119887,52000,2024/2/3,22,100,0,5(表：5 × 裏：0)、背面赤/白/高輝度金/赤/紺,,,,,,,,,,
42,A1,2311A207,8000,2024/2/3,22,100,0,5(表：5 × 裏：0)、背面赤/白/高輝度金/赤/紺,,,,,,,,,,
42,A1,2311A228,28000,2024/2/3,22,100,0,5(表：5 × 裏：0)、背面赤/白/高輝度金/赤/紺,,,,,,,,,,
42,A1,23120810,16000,2024/2/3,22,50,1,5(表：5 × 裏：0)、背面赤/白/高輝度金/赤/紺,,,,,,,,,,
,,,,,,,,,,,,,,,,,,
43,A1,23117468,16000,2024/2/3,21,25,3,5(表：5 × 裏：0)、白色/金色/赤色/水色/紺色,,,,,,,,,,
43,A1,23116402,52000,2024/2/3,21,100,0,4(表：4 × 裏：0)、白/高輝度金/赤/ｾﾋﾟｱ,,,,,,,,,,
43,A1,23118419,52000,2024/2/3,21,100,0,4(表：4 × 裏：0)、白/高輝度金/赤/ｾﾋﾟｱ,,,,,,,,,,
43,A1,23118501,4000,2024/2/3,21,100,0,5(表：5 × 裏：0)、白/赤/紅/ｾﾋﾟｱ/金色,,,,,,,,,,
43,A1,23118644,20000,2024/2/3,21,100,0,4(表：4 × 裏：0)、白/高輝度金/赤/ｾﾋﾟｱ,,,,,,,,,,
43,A1,23120001,12000,2024/2/3,21,100,0,4(表：4 × 裏：0)、白/高輝度金/赤/ｾﾋﾟｱ,,,,,,,,,,
43,A1,23120002,12000,2024/2/3,21,33.33333333,2,4(表：4 × 裏：0)、白/高輝度金/赤/ｾﾋﾟｱ,,,,,,,,,,
43,A1,23118409,4000,2024/2/3,21,25,3,4(表：4 × 裏：0)、白/薄茶/高輝度金/ｾﾋﾟｱ,,,,,,,,,,
43,A1,23120010,4000,2024/2/3,21,33.33333333,2,4(表：4 × 裏：0)、背面クリーム/白色/クリーム/セピア,,,,,,,,,,
43,A1,23114112,8000,2024/2/3,21,100,0,5(表：5 × 裏：0)、白/ｸﾘｰﾑ/Y/M/ｾﾋﾟｱ,,,,,,,,,,
43,A1,23120011,8000,2024/2/3,21,33.33333333,2,5(表：5 × 裏：0)、白/ｸﾘｰﾑ/Y/M/ｾﾋﾟｱ,,,,,,,,,,
,,,,,,,,,,,,,,,,,,
44,A1,23118668,8000,2024/2/3,20,33.33333333,2,5(表：5 × 裏：0)、背面橙/白/Y/M/ｾﾋﾟｱ,,,,,,,,,,
44,A1,23119442,40000,2024/2/3,20,100,0,5(表：5 × 裏：0)、白/Y/M/C/ｾﾋﾟｱ,,,,,,,,,,
,,,,,,,,,,,,,,,,,,
45,A1,23119443,100000,2024/2/3,19,100,0,5(表：5 × 裏：0)、白/Y/M/C/ｾﾋﾟｱ,,,,,,,,,,
45,A1,23119446,100000,2024/2/3,19,100,0,5(表：5 × 裏：0)、白/Y/M/C/ｾﾋﾟｱ,,,,,,,,,,
45,A1,23120816,2000,2024/2/3,19,50,1,5(表：5 × 裏：0)、白/Y/M/C/ｾﾋﾟｱ,,,,,,,,,,
,,,,,,,,,,,,,,,,,,
46,A1,23118436,20000,2024/2/3,18,33.33333333,2,4(表：4 × 裏：0)、Y/M/C/ｾﾋﾟｱ,,,,,,,,,,
46,A1,23118435,20000,2024/2/3,18,100,0,4(表：4 × 裏：0)、Y/M/C/墨,,,,,,,,,,
46,A1,23120407,12000,2024/2/3,18,50,1,4(表：4 × 裏：0)、Y/M/C/墨,,,,,,,,,,
46,A1,23103975,4000,2024/2/3,18,100,0,5(表：5 × 裏：0)、白/Y/M/C/墨,,,,,,,,,,
46,A1,23115305,8000,2024/2/3,18,100,0,5(表：5 × 裏：0)、白/Y/M/C/墨,,,,,,,,,,
46,A1,23115355,12000,2024/2/3,18,100,0,5(表：5 × 裏：0)、白/Y/M/C/墨,,,,,,,,,,
46,A1,23117957,4000,2024/2/3,18,100,0,5(表：5 × 裏：0)、白/Y/M/C/K,,,,,,,,,,
,,,,,,,,,,,,,,,,,,
47,A1,23118411,100000,2024/2/3,17,100,0,5(表：5 × 裏：0)、白/Y/M/C/墨,,,,,,,,,,
,,,,,,,,,,,,,,,,,,
48,A1,23118412,100000,2024/2/3,16,100,0,5(表：5 × 裏：0)、白/Y/M/C/墨,,,,,,,,,,
48,A1,23118420,60000,2024/2/3,16,100,0,5(表：5 × 裏：0)、白/Y/M/C/K,,,,,,,,,,
48,A1,23118428,24000,2024/2/3,16,100,0,5(表：5 × 裏：0)、白/Y/M/C/墨,,,,,,,,,,
48,A1,23118626,20000,2024/2/3,16,100,0,5(表：5 × 裏：0)、白/Y/M/C/墨,,,,,,,,,,
48,A1,23118666,4000,2024/2/3,16,100,0,5(表：5 × 裏：0)、白/Y/M/C/墨,,,,,,,,,,
48,A1,23118725,8000,2024/2/3,16,100,0,5(表：5 × 裏：0)、白/Y/M/C/墨,,,,,,,,,,
,,,,,,,,,,,,,,,,,,
49,A1,23119020,12000,2024/2/3,15,100,0,5(表：5 × 裏：0)、白/Y/M/C/K,,,,,,,,,,
49,A1,23119605,4000,2024/2/3,15,100,0,5(表：5 × 裏：0)、白/Y/M/C/K,,,,,,,,,,
49,A1,23119879,52000,2024/2/3,15,100,0,5(表：5 × 裏：0)、白/Y/M/C/墨,,,,,,,,,,
49,A1,23119880,28000,2024/2/3,15,100,0,5(表：5 × 裏：0)、白/Y/M/C/墨,,,,,,,,,,
49,A1,23119881,8000,2024/2/3,15,100,0,5(表：5 × 裏：0)、白/Y/M/C/墨,,,,,,,,,,
49,A1,2311A114,80000,2024/2/3,15,100,0,5(表：5 × 裏：0)、白/Y/M/C/墨,,,,,,,,,,
49,A1,23120420,12000,2024/2/3,15,100,0,5(表：5 × 裏：0)、白/Y/M/C/墨,,,,,,,,,,
49,A1,23120422,12000,2024/2/3,15,100,0,5(表：5 × 裏：0)、白/Y/M/C/墨,,,,,,,,,,
49,A1,23120821,4000,2024/2/3,15,100,0,5(表：5 × 裏：0)、白/Y/M/C/墨,,,,,,,,,,
,,,,,,,,,,,,,,,,,,
50,A1,23120867,8000,2024/2/3,14,100,0,5(表：5 × 裏：0)、白/Y/M/C/墨,,,,,,,,,,
50,A1,23120882,12000,2024/2/3,14,100,0,5(表：5 × 裏：0)、白/Y/M/C/墨,,,,,,,,,,
50,A1,23120883,8000,2024/2/3,14,50,1,5(表：5 × 裏：0)、白/Y/M/C/墨,,,,,,,,,,
50,A1,23118678,8000,2024/2/3,14,100,0,4(表：4 × 裏：0)、白/Y/M/C,,,,,,,,,,
50,A1,2311A286,8000,2024/2/3,14,50,1,4(表：4 × 裏：0)、白/Y/M/C,,,,,,,,,,
50,A1,23120348,4000,2024/2/3,14,100,0,5(表：5 × 裏：0)、白/Y/M/C/離型剤,,,,,,,,,,
50,A1,23120349,4000,2024/2/3,14,33.33333333,2,5(表：5 × 裏：0)、白/Y/M/C/離型剤,,,,,,,,,,
50,A1,23120599,2000,2024/2/3,14,25,3,5(表：5 × 裏：0)、白/Y/M/C/茶,,,,,,,,,,
50,A1,23118602,18000,2024/2/3,14,50,1,4(表：4 × 裏：0)、白/赤/Y/茶,,,,,,,,,,
50,A1,2311A068,20000,2024/2/3,14,50,1,4(表：4 × 裏：0)、白/赤/茶/濃茶,,,,,,,,,,
50,A1,23118685,12000,2024/2/3,14,20,4,5(表：5 × 裏：0)、白/赤/特赤/特藍/茶,,,,,,,,,,
50,A1,23108062,24000,2024/2/3,14,100,0,4(表：4 × 裏：0)、白/赤/緑/離型剤,,,,,,,,,,
50,A1,23119804,6000,2024/2/3,14,50,1,4(表：4 × 裏：0)、白/赤/草/離型剤,,,,,,,,,,
50,A1,23117856,2000,2024/2/3,14,100,0,3(表：3 × 裏：0)、白/草/離型剤,,,,,,,,,,
50,A1,23117857,2000,2024/2/3,14,20,4,3(表：3 × 裏：0)、白/草/離型剤,,,,,,,,,,
50,A1,23118406,16000,2024/2/3,14,33.33333333,2,3(表：3 × 裏：0)、白/薄紫/墨,,,,,,,,,,
50,A1,23119425,7000,2024/2/3,14,50,1,3(表：3 × 裏：0)、白/黄土/墨,,,,,,,,,,
50,A1,23117559,2000,2024/2/3,14,100,0,4(表：4 × 裏：0)、白/黄土/紫/墨,,,,,,,,,,
50,A1,23117561,2000,2024/2/3,14,20,4,4(表：4 × 裏：0)、白/黄土/紫/墨,,,,,,,,,,
50,A1,2311A067,20000,2024/2/3,14,20,4,4(表：4 × 裏：0)、白/赤/青/墨,,,,,,,,,,
50,A1,23119028,8000,2024/2/3,14,16.66666667,5,4(表：4 × 裏：0)、背面青/背面黄/白/紺,,,,,,,,,,
50,A1,23118378,4000,2024/2/3,14,100,0,5(表：5 × 裏：0)、白/ピンクゴールド/水色/紺/特焦茶,,,,,,,,,,
50,A1,23120040,4000,2024/2/3,14,14.28571429,6,5(表：5 × 裏：0)、白/ピンクゴールド/水色/紺/特焦茶,,,,,,,,,,
